produto;unidade;posicao;peso;tipo;compras;usada_por_codigo;classificacao;motivo
"001.002.00051";"UNID";"1";"1";"Fator";"false";"true";"suportada";""
"001.002.00077";"UNID";"1";"1";"Fator";"false";"true";"suportada";""
"001.003.00001";"UNID";"1";"1";"Fator";"false";"true";"suportada";""
"001.003.00001";"UN";"2";"1";"Fator";"true";"false";"suportada";""
"001.004.00005";"UNID";"1";"1";"Fator";"false";"true";"suportada";""
"001.004.00034";"UNID";"1";"1";"Fator";"false";"true";"suportada";""
"001.005.00191";"PC";"1";"1";"Fator";"true";"true";"suportada";""
"001.006.00016";"UNID";"1";"1";"Fator";"false";"true";"suportada";""
"001.006.00029";"UNID";"1";"1";"Fator";"false";"true";"suportada";""
"001.006.00031";"UNID";"1";"1";"Fator";"false";"true";"suportada";""
"001.006.00036";"UNID";"1";"1";"Fator";"false";"true";"suportada";""
"001.006.00054";"UNID";"1";"1";"Fator";"false";"true";"suportada";""
"001.006.00057";"UNID";"1";"1";"Fator";"false";"true";"suportada";""
"001.006.00068";"UNID";"1";"1";"Fator";"false";"true";"suportada";""
"001.006.00093";"UNID";"1";"1";"Fator";"false";"true";"suportada";""
"001.006.00093";"KG";"2";"0.1";"Fator";"false";"false";"suportada";""
"001.006.00094";"UNID";"1";"1";"Fator";"false";"true";"suportada";""
"001.006.00094";"UN";"2";"1";"Fator";"false";"false";"suportada";""
"001.006.00096";"UNID";"1";"1";"Fator";"false";"true";"suportada";""
"001.007.00018";"M";"1";"1";"Fator";"true";"true";"suportada";""
"001.007.00025";"UNID";"1";"1";"Fator";"false";"true";"suportada";""
"001.007.00025";"KG";"2";"0.005";"Fator";"false";"false";"suportada";""
"001.009.00068";"UNID";"1";"1";"Fator";"true";"true";"suportada";""
"001.009.00079";"UNID";"1";"1";"Fator";"true";"true";"suportada";""
"001.009.00089";"UNID";"1";"1";"Fator";"false";"true";"suportada";""
"001.009.00162";"UNID";"1";"1";"Fator";"true";"true";"suportada";""
"001.009.00164";"UNID";"1";"1";"Fator";"false";"true";"suportada";""
"001.009.00165";"UNID";"1";"1";"Fator";"true";"true";"suportada";""
"001.012.003";"UNID";"1";"1";"Fator";"false";"true";"suportada";""
"001.012.004";"UNID";"1";"1";"Fator";"false";"true";"suportada";""
"001.012.005";"UNID";"1";"1";"Fator";"false";"true";"suportada";""
"001.012.006";"UNID";"1";"1";"Fator";"false";"true";"suportada";""
"001.012.022";"UNID";"1";"1";"Fator";"false";"true";"suportada";""
"001.013.00036";"UNID";"1";"1";"Fator";"true";"true";"suportada";""
"001.013.00050";"UNID";"1";"1";"Fator";"false";"true";"suportada";""
"001.013.00062";"UNID";"1";"1";"Fator";"false";"true";"suportada";""
"001.013.00062";"GALAO";"2";"1";"Fator";"false";"false";"suportada";""
"001.013.00089";"UNID";"1";"1";"Fator";"false";"true";"suportada";""
"001.013.00124";"UNID";"1";"1";"Fator";"false";"true";"suportada";""
"001.013.00124";"KG";"2";"1";"Fator";"true";"false";"suportada";""
"001.013.00127";"UNID";"1";"1";"Fator";"false";"true";"suportada";""
"001.013.00127";"M";"2";"1";"Fator";"true";"false";"suportada";""
"001.013.00136";"UNID";"1";"1";"Fator";"false";"true";"suportada";""
"001.013.00167";"UNID";"1";"1";"Fator";"false";"true";"suportada";""
"001.013.00167";"UN";"2";"0.01";"Fator";"false";"false";"suportada";""
"001.013.00168";"UNID";"1";"1";"Fator";"false";"true";"suportada";""
"001.013.00168";"UN";"2";"0.01";"Fator";"false";"false";"suportada";""
"001.013.00185";"UNID";"1";"1";"Fator";"false";"true";"suportada";""
"001.013.00185";"UN";"2";"0.01";"Fator";"false";"false";"suportada";""
"001.013.00199";"UNID";"1";"1";"Fator";"true";"true";"suportada";""
"001.013.00208";"UNID";"1";"1";"Fator";"false";"true";"suportada";""
"001.013.00208";"FARDO";"2";"25";"Fator";"true";"false";"suportada";""
"001.013.00249";"UNID";"1";"1";"Fator";"true";"true";"suportada";""
"001.013.00259";"UNID";"1";"1";"Fator";"true";"true";"suportada";""
"001.013.00358";"UNID";"1";"1";"Fator";"true";"true";"suportada";""
"001.013.00382";"PACOTE";"1";"1";"Fator";"false";"true";"suportada";""
"001.013.00382";"UNID";"2";"0.1";"Fator";"true";"false";"suportada";""
"001.013.00418";"UNID";"1";"1";"Fator";"false";"true";"suportada";""
"001.013.00509";"UNID";"1";"1";"Fator";"false";"true";"suportada";""
"001.013.00512";"UNID";"1";"1";"Fator";"false";"true";"suportada";""
"001.013.00521";"UNID";"1";"1";"Fator";"true";"true";"suportada";""
"001.013.00522";"UNID";"1";"1";"Fator";"false";"true";"suportada";""
"001.013.00529";"UNID";"1";"1";"Fator";"false";"true";"suportada";""
"001.013.00546";"UNID";"1";"1";"Fator";"true";"true";"suportada";""
"001.013.00551";"UNID";"1";"1";"Fator";"true";"true";"suportada";""
"001.013.00551";"PACOTE";"2";"1";"Fator";"true";"false";"suportada";""
"001.014.001";"UNID";"1";"1";"Fator";"false";"true";"suportada";""
"001.014.002";"UNID";"1";"1";"Fator";"false";"true";"suportada";""
"001.014.003";"UNID";"1";"1";"Fator";"false";"true";"suportada";""
"001.014.005";"UNID";"1";"1";"Fator";"false";"true";"suportada";""
"001.014.006";"UNID";"1";"1";"Fator";"false";"true";"suportada";""
"001.014.007";"UNID";"1";"1";"Fator";"false";"true";"suportada";""
"001.014.015";"UNID";"1";"1";"Fator";"false";"true";"suportada";""
"001.014.024";"UNID";"1";"1";"Fator";"false";"true";"suportada";""
"001.014.031";"UNID";"1";"1";"Fator";"false";"true";"suportada";""
"001.014.034";"UNID";"1";"1";"Fator";"false";"true";"suportada";""
"001.014.035";"UNID";"1";"1";"Fator";"false";"true";"suportada";""
"001.014.037";"UNID";"1";"1";"Fator";"false";"true";"suportada";""
"001.014.038";"UNID";"1";"1";"Fator";"false";"true";"suportada";""
"001.014.046";"UNID";"1";"1";"Fator";"false";"true";"suportada";""
"001.014.047";"UNID";"1";"1";"Fator";"false";"true";"suportada";""
"001.016.012";"UNID";"1";"1";"Fator";"false";"true";"suportada";""
"001.016.019";"UNID";"1";"1";"Fator";"true";"true";"suportada";""
"001.016.019";"PC";"2";"1";"Fator";"true";"false";"suportada";""
"001.016.062";"UNID";"1";"1";"Fator";"false";"true";"suportada";""
"001.016.085";"UNID";"1";"1";"Fator";"false";"true";"suportada";""
"001.017.005";"UNID";"1";"1";"Fator";"false";"true";"suportada";""
"001.017.011";"UNID";"1";"1";"Fator";"false";"true";"suportada";""
"001.017.056";"UNID";"1";"1";"Fator";"false";"true";"suportada";""
"001.017.062";"UNID";"1";"1";"Fator";"false";"true";"suportada";""
"001.017.064";"KG";"1";"1";"Fator";"false";"true";"suportada";""
"001.017.068";"UNID";"1";"1";"Fator";"false";"true";"suportada";""
"001.017.076";"UNID";"1";"1";"Fator";"false";"true";"suportada";""
"001.017.079";"UNID";"1";"1";"Fator";"false";"true";"suportada";""
"001.017.080";"UNID";"1";"1";"Fator";"false";"true";"suportada";""
"001.017.080";"KG";"2";"0.01";"Fator";"false";"false";"suportada";""
"001.017.092";"UNID";"1";"1";"Fator";"false";"true";"suportada";""
"001.017.092";"M3";"2";"10";"Divisor";"false";"false";"bloqueada";"CONVERSAO_NAO_COMPROVADA: Divisor exige Produto/Load e Insert nativo"
"001.017.092";"M3";"3";"10";"Divisor";"true";"false";"bloqueada";"CONVERSAO_NAO_COMPROVADA: Divisor exige Produto/Load e Insert nativo"
"001.017.107";"UNID";"1";"1";"Fator";"false";"true";"suportada";""
"001.017.110";"UNID";"1";"1";"Fator";"false";"true";"suportada";""
"001.017.196";"UNID";"1";"1";"Fator";"false";"true";"suportada";""
"001.017.208";"UNID";"1";"1";"Fator";"false";"true";"suportada";""
"001.017.209";"UNID";"1";"1";"Fator";"false";"true";"suportada";""
"001.017.248";"UNID";"1";"1";"Fator";"false";"true";"suportada";""
"001.017.248";"KG";"2";"1";"Fator";"true";"false";"suportada";""
"001.017.293";"UNID";"1";"1";"Fator";"true";"true";"suportada";""
"001.017.326";"UNID";"1";"1";"Fator";"true";"true";"suportada";""
"001.017.338";"UNID";"1";"1";"Fator";"true";"true";"suportada";""
"001.017.345";"UNID";"1";"1";"Fator";"true";"true";"suportada";""
"001.017.349";"UNID";"1";"1";"Fator";"true";"true";"suportada";""
"001.017.350";"UNID";"1";"1";"Fator";"true";"true";"suportada";""
"001.017.358";"UNID";"1";"1";"Fator";"false";"true";"suportada";""
"001.017.368";"UNID";"1";"1";"Fator";"false";"true";"suportada";""
"001.017.443";"UNID";"1";"1";"Fator";"true";"true";"suportada";""
"001.017.463";"PC";"1";"1";"Fator";"true";"true";"suportada";""
"001.017.481";"KG";"1";"1";"Fator";"false";"true";"suportada";""
"001.017.481";"PC";"2";"1";"Fator";"false";"false";"suportada";""
"001.017.481";"UNID";"3";"1";"Fator";"true";"false";"suportada";""
"001.017.534";"UN";"1";"1";"Fator";"true";"true";"suportada";""
"001.017.550";"UNID";"1";"1";"Fator";"false";"true";"suportada";""
"001.017.564";"UNID";"1";"1";"Fator";"false";"true";"suportada";""
"001.017.564";"KG";"2";"1";"Fator";"true";"false";"suportada";""
"001.017.575";"UNID";"1";"1";"Fator";"false";"true";"suportada";""
"001.017.577";"UNID";"1";"1";"Fator";"false";"true";"suportada";""
"001.017.579";"UNID";"1";"1";"Fator";"false";"true";"suportada";""
"001.017.588";"UNID";"1";"1";"Fator";"false";"true";"suportada";""
"001.017.588";"PC";"2";"1";"Fator";"true";"false";"suportada";""
"001.017.600";"UNID";"1";"1";"Fator";"true";"true";"suportada";""
"001.017.608";"UNID";"1";"1";"Fator";"true";"true";"suportada";""
"001.017.608";"KG";"2";"0.01";"Fator";"false";"false";"suportada";""
"001.017.617";"UNID";"1";"1";"Fator";"false";"true";"suportada";""
"001.017.638";"UNID";"1";"1";"Fator";"false";"true";"suportada";""
"001.017.645";"UNID";"1";"1";"Fator";"false";"true";"suportada";""
"001.017.651";"UNID";"1";"1";"Fator";"false";"true";"suportada";""
"001.017.652";"UNID";"1";"1";"Fator";"false";"true";"suportada";""
"001.017.653";"UNID";"1";"1";"Fator";"false";"true";"suportada";""
"001.017.654";"UNID";"1";"1";"Fator";"false";"true";"suportada";""
"001.017.655";"UNID";"1";"1";"Fator";"false";"true";"suportada";""
"001.017.656";"UNID";"1";"1";"Fator";"false";"true";"suportada";""
"001.017.657";"UNID";"1";"1";"Fator";"false";"true";"suportada";""
"001.017.658";"UNID";"1";"1";"Fator";"false";"true";"suportada";""
"001.017.659";"UNID";"1";"1";"Fator";"false";"true";"suportada";""
"001.017.660";"UNID";"1";"1";"Fator";"false";"true";"suportada";""
"001.017.661";"UNID";"1";"1";"Fator";"false";"true";"suportada";""
"001.017.662";"UNID";"1";"1";"Fator";"false";"true";"suportada";""
"001.017.663";"UNID";"1";"1";"Fator";"false";"true";"suportada";""
"001.017.667";"UNID";"1";"1";"Fator";"false";"true";"suportada";""
"001.017.668";"UNID";"1";"1";"Fator";"false";"true";"suportada";""
"001.017.669";"UNID";"1";"1";"Fator";"false";"true";"suportada";""
"001.017.671";"UNID";"1";"1";"Fator";"false";"true";"suportada";""
"001.017.676";"UNID";"1";"1";"Fator";"false";"true";"suportada";""
"001.017.677";"UNID";"1";"1";"Fator";"false";"true";"suportada";""
"001.017.678";"UNID";"1";"1";"Fator";"false";"true";"suportada";""
"001.017.679";"UNID";"1";"1";"Fator";"false";"true";"suportada";""
"001.017.680";"UNID";"1";"1";"Fator";"false";"true";"suportada";""
"001.017.681";"UNID";"1";"1";"Fator";"false";"true";"suportada";""
"001.017.688";"UNID";"1";"1";"Fator";"false";"true";"suportada";""
"001.017.689";"UNID";"1";"1";"Fator";"false";"true";"suportada";""
"001.017.690";"UNID";"1";"1";"Fator";"false";"true";"suportada";""
"001.017.691";"UNID";"1";"1";"Fator";"false";"true";"suportada";""
"001.017.693";"UNID";"1";"1";"Fator";"false";"true";"suportada";""
"001.017.693";"PC";"2";"1";"Fator";"true";"false";"suportada";""
"001.017.699";"UNID";"1";"1";"Fator";"false";"true";"suportada";""
"001.017.699";"KG";"2";"1";"Fator";"true";"false";"suportada";""
"001.018.022";"UNID";"1";"1";"Fator";"false";"true";"suportada";""
"001.018.070";"UNID";"1";"1";"Fator";"false";"true";"suportada";""
"001.018.071";"UNID";"1";"1";"Fator";"false";"true";"suportada";""
"001.018.072";"UNID";"1";"1";"Fator";"false";"true";"suportada";""
"001.018.075";"UNID";"1";"1";"Fator";"true";"true";"suportada";""
"001.018.076";"UNID";"1";"1";"Fator";"false";"true";"suportada";""
"001.018.083";"UNID";"1";"1";"Fator";"false";"true";"suportada";""
"002.005";"UNID";"1";"1";"Fator";"false";"true";"suportada";""
"002.007";"UNID";"1";"1";"Fator";"false";"true";"suportada";""
"002.009";"UNID";"1";"1";"Fator";"false";"true";"suportada";""
"002.010";"UNID";"1";"1";"Fator";"false";"true";"suportada";""
"002.012";"UNID";"1";"1";"Fator";"false";"true";"suportada";""
"002.015";"UNID";"1";"1";"Fator";"false";"true";"suportada";""
"002.023";"UNID";"1";"1";"Fator";"false";"true";"suportada";""
"002.025";"UNID";"1";"1";"Fator";"false";"true";"suportada";""
"002.027";"UNID";"1";"1";"Fator";"false";"true";"suportada";""
"002.030";"UNID";"1";"1";"Fator";"false";"true";"suportada";""
"002.031";"UNID";"1";"1";"Fator";"false";"true";"suportada";""
"002.036";"UNID";"1";"1";"Fator";"false";"true";"suportada";""
"002.038";"UNID";"1";"1";"Fator";"false";"true";"suportada";""
"002.040";"UNID";"1";"1";"Fator";"false";"true";"suportada";""
"002.042";"UNID";"1";"1";"Fator";"false";"true";"suportada";""
"002.043";"UNID";"1";"1";"Fator";"false";"true";"suportada";""
"002.046";"UNID";"1";"1";"Fator";"false";"true";"suportada";""
"002.047";"UNID";"1";"1";"Fator";"false";"true";"suportada";""
"002.049";"UNID";"1";"1";"Fator";"false";"true";"suportada";""
"002.050";"UNID";"1";"1";"Fator";"false";"true";"suportada";""
"002.054";"UNID";"1";"1";"Fator";"false";"true";"suportada";""
"002.057";"UNID";"1";"1";"Fator";"false";"true";"suportada";""
"002.058";"UNID";"1";"1";"Fator";"false";"true";"suportada";""
"002.059";"UNID";"1";"1";"Fator";"false";"true";"suportada";""
